text,label
Best product ever!!! Totally changed my life. HIGHLY RECOMMEND!!!,FAKE
I got a free sample for my honest review and wow this is amazing,FAKE
Five stars!! Five stars!! I love it so much!!!,FAKE
Use my discount code for more!! Sponsored but opinions are my own,FAKE
"The build quality is decent for the price, but the battery drains fast.",REAL
Arrived on time and works as expected. Packaging could be better.,REAL
"After two weeks of use, the keyboard feels comfortable and responsive.",REAL
Installation took ten minutes and the instructions were straightforward.,REAL
"The build quality is decent for the price, but the battery drains fast.",REAL
Arrived on time and works as expected. Packaging could be better.,REAL
Best product ever!!! Totally changed my life. HIGHLY RECOMMEND!!!,FAKE
"The build quality is decent for the price, but the battery drains fast.",REAL
"The build quality is decent for the price, but the battery drains fast.",REAL
I got a free sample for my honest review and wow this is amazing,FAKE
Best product ever!!! Totally changed my life. HIGHLY RECOMMEND!!!,FAKE
Installation took ten minutes and the instructions were straightforward.,REAL
Five stars!! Five stars!! I love it so much!!!,FAKE
"The build quality is decent for the price, but the battery drains fast.",REAL
Arrived on time and works as expected. Packaging could be better.,REAL
"After two weeks of use, the keyboard feels comfortable and responsive.",REAL
I got a free sample for my honest review and wow this is amazing,FAKE
"After two weeks of use, the keyboard feels comfortable and responsive.",REAL
Use my discount code for more!! Sponsored but opinions are my own,FAKE
Five stars!! Five stars!! I love it so much!!!,FAKE
"The build quality is decent for the price, but the battery drains fast.",REAL
"The build quality is decent for the price, but the battery drains fast.",REAL
Installation took ten minutes and the instructions were straightforward.,REAL
Five stars!! Five stars!! I love it so much!!!,FAKE
"After two weeks of use, the keyboard feels comfortable and responsive.",REAL
"The build quality is decent for the price, but the battery drains fast.",REAL
I got a free sample for my honest review and wow this is amazing,FAKE
"The build quality is decent for the price, but the battery drains fast.",REAL
"The build quality is decent for the price, but the battery drains fast.",REAL
Use my discount code for more!! Sponsored but opinions are my own,FAKE
"After two weeks of use, the keyboard feels comfortable and responsive.",REAL
Five stars!! Five stars!! I love it so much!!!,FAKE
Five stars!! Five stars!! I love it so much!!!,FAKE
"The build quality is decent for the price, but the battery drains fast.",REAL
Arrived on time and works as expected. Packaging could be better.,REAL
Arrived on time and works as expected. Packaging could be better.,REAL
Use my discount code for more!! Sponsored but opinions are my own,FAKE
I got a free sample for my honest review and wow this is amazing,FAKE
"The build quality is decent for the price, but the battery drains fast.",REAL
Best product ever!!! Totally changed my life. HIGHLY RECOMMEND!!!,FAKE
Installation took ten minutes and the instructions were straightforward.,REAL
I got a free sample for my honest review and wow this is amazing,FAKE
"After two weeks of use, the keyboard feels comfortable and responsive.",REAL
Use my discount code for more!! Sponsored but opinions are my own,FAKE
Use my discount code for more!! Sponsored but opinions are my own,FAKE
I got a free sample for my honest review and wow this is amazing,FAKE
Five stars!! Five stars!! I love it so much!!!,FAKE
Installation took ten minutes and the instructions were straightforward.,REAL
Installation took ten minutes and the instructions were straightforward.,REAL
I got a free sample for my honest review and wow this is amazing,FAKE
"The build quality is decent for the price, but the battery drains fast.",REAL
"The build quality is decent for the price, but the battery drains fast.",REAL
I got a free sample for my honest review and wow this is amazing,FAKE
Installation took ten minutes and the instructions were straightforward.,REAL
Installation took ten minutes and the instructions were straightforward.,REAL
Use my discount code for more!! Sponsored but opinions are my own,FAKE
"The build quality is decent for the price, but the battery drains fast.",REAL
"The build quality is decent for the price, but the battery drains fast.",REAL
"After two weeks of use, the keyboard feels comfortable and responsive.",REAL
"After two weeks of use, the keyboard feels comfortable and responsive.",REAL
Use my discount code for more!! Sponsored but opinions are my own,FAKE
Best product ever!!! Totally changed my life. HIGHLY RECOMMEND!!!,FAKE
"After two weeks of use, the keyboard feels comfortable and responsive.",REAL
Arrived on time and works as expected. Packaging could be better.,REAL
